{
  "sents_p": 0.8848920863,
  "sents_r": 0.895631068,
  "sents_f": 0.8902291918,
  "tag_acc": 0.9336837224,
  "ents_p": 0.8165865046,
  "ents_r": 0.8121572395,
  "ents_f": 0.8143658495,
  "ents_per_type": {
    "LOC": {
      "p": 0.0,
      "r": 0.0,
      "f": 0.0
    },
    "PER": {
      "p": 0.0,
      "r": 0.0,
      "f": 0.0
    },
    "ORG": {
      "p": 0.0,
      "r": 0.0,
      "f": 0.0
    },
    "MISC": {
      "p": 0.0,
      "r": 0.0,
      "f": 0.0
    }
  },
  "speed": 4299.4529582547,
  "token_acc": 0.997952498,
  "token_p": 0.9844389844,
  "token_r": 0.9896058454,
  "token_f": 0.9870156531,
  "pos_acc": 0.9623331787,
  "morph_acc": 0.9519196083,
  "morph_micro_p": 0.978972683,
  "morph_micro_r": 0.9672231022,
  "morph_micro_f": 0.9730624253,
  "morph_per_feat": {
    "Definite": {
      "p": 0.9810357403,
      "r": 0.9817518248,
      "f": 0.981393652
    },
    "Number": {
      "p": 0.990685544,
      "r": 0.9790132548,
      "f": 0.9848148148
    },
    "PronType": {
      "p": 0.9935773924,
      "r": 0.9897632758,
      "f": 0.9916666667
    },
    "Gender": {
      "p": 0.9718054837,
      "r": 0.9601328904,
      "f": 0.9659339247
    },
    "Mood": {
      "p": 0.9597806216,
      "r": 0.9325044405,
      "f": 0.9459459459
    },
    "Person": {
      "p": 0.9818181818,
      "r": 0.9509433962,
      "f": 0.9661341853
    },
    "Tense": {
      "p": 0.9490114464,
      "r": 0.9315628192,
      "f": 0.9402061856
    },
    "VerbForm": {
      "p": 0.9663016007,
      "r": 0.9495033113,
      "f": 0.95782881
    },
    "NumType": {
      "p": 0.9825174825,
      "r": 0.9590443686,
      "f": 0.9706390328
    },
    "Reflex": {
      "p": 1.0,
      "r": 1.0,
      "f": 1.0
    },
    "Voice": {
      "p": 0.8803418803,
      "r": 0.9196428571,
      "f": 0.8995633188
    },
    "Poss": {
      "p": 1.0,
      "r": 1.0,
      "f": 1.0
    },
    "Polarity": {
      "p": 0.976744186,
      "r": 0.9882352941,
      "f": 0.9824561404
    }
  },
  "dep_uas": 0.8804121324,
  "dep_las": 0.8361784619,
  "dep_las_per_type": {
    "det": {
      "p": 0.9754901961,
      "r": 0.9636803874,
      "f": 0.9695493301
    },
    "nsubj": {
      "p": 0.8381642512,
      "r": 0.8361445783,
      "f": 0.8371531966
    },
    "aux:tense": {
      "p": 0.9349593496,
      "r": 0.92,
      "f": 0.9274193548
    },
    "root": {
      "p": 0.84375,
      "r": 0.8519417476,
      "f": 0.847826087
    },
    "obj": {
      "p": 0.8102409639,
      "r": 0.7982195846,
      "f": 0.8041853513
    },
    "cc": {
      "p": 0.8944954128,
      "r": 0.8986175115,
      "f": 0.8965517241
    },
    "case": {
      "p": 0.9571619813,
      "r": 0.9741144414,
      "f": 0.9655638082
    },
    "obl:mod": {
      "p": 0.6375404531,
      "r": 0.5880597015,
      "f": 0.6118012422
    },
    "nmod": {
      "p": 0.7817497648,
      "r": 0.8301698302,
      "f": 0.8052325581
    },
    "conj": {
      "p": 0.564516129,
      "r": 0.5511811024,
      "f": 0.5577689243
    },
    "nummod": {
      "p": 0.8875,
      "r": 0.8402366864,
      "f": 0.8632218845
    },
    "amod": {
      "p": 0.8821362799,
      "r": 0.8724954463,
      "f": 0.8772893773
    },
    "acl": {
      "p": 0.6440677966,
      "r": 0.6589595376,
      "f": 0.6514285714
    },
    "mark": {
      "p": 0.8733031674,
      "r": 0.8502202643,
      "f": 0.8616071429
    },
    "xcomp": {
      "p": 0.8111888112,
      "r": 0.7682119205,
      "f": 0.7891156463
    },
    "flat:name": {
      "p": 0.8703703704,
      "r": 0.8952380952,
      "f": 0.882629108
    },
    "cop": {
      "p": 0.8279569892,
      "r": 0.8555555556,
      "f": 0.8415300546
    },
    "advmod": {
      "p": 0.8279220779,
      "r": 0.7993730408,
      "f": 0.8133971292
    },
    "obl:arg": {
      "p": 0.6682464455,
      "r": 0.6409090909,
      "f": 0.6542923434
    },
    "appos": {
      "p": 0.4875,
      "r": 0.4698795181,
      "f": 0.4785276074
    },
    "nsubj:pass": {
      "p": 0.8554216867,
      "r": 0.8352941176,
      "f": 0.8452380952
    },
    "aux:pass": {
      "p": 0.9380530973,
      "r": 0.9464285714,
      "f": 0.9422222222
    },
    "acl:relcl": {
      "p": 0.5730337079,
      "r": 0.5930232558,
      "f": 0.5828571429
    },
    "advcl": {
      "p": 0.4494382022,
      "r": 0.5128205128,
      "f": 0.4790419162
    },
    "fixed": {
      "p": 0.8823529412,
      "r": 0.75,
      "f": 0.8108108108
    },
    "dep": {
      "p": 0.2549019608,
      "r": 0.4482758621,
      "f": 0.325
    },
    "expl:subj": {
      "p": 0.7058823529,
      "r": 0.75,
      "f": 0.7272727273
    },
    "expl:comp": {
      "p": 0.6666666667,
      "r": 0.8666666667,
      "f": 0.7536231884
    },
    "expl:pass": {
      "p": 0.3333333333,
      "r": 0.1428571429,
      "f": 0.2
    },
    "ccomp": {
      "p": 0.7111111111,
      "r": 0.6274509804,
      "f": 0.6666666667
    },
    "obl:agent": {
      "p": 0.8571428571,
      "r": 0.8571428571,
      "f": 0.8571428571
    },
    "parataxis": {
      "p": 0.5263157895,
      "r": 0.3571428571,
      "f": 0.4255319149
    },
    "iobj": {
      "p": 0.6666666667,
      "r": 0.64,
      "f": 0.6530612245
    },
    "nsubj:caus": {
      "p": 0.0,
      "r": 0.0,
      "f": 0.0
    },
    "aux:caus": {
      "p": 0.0,
      "r": 0.0,
      "f": 0.0
    },
    "obj:agent": {
      "p": 0.0,
      "r": 0.0,
      "f": 0.0
    },
    "goeswith": {
      "p": 0.0,
      "r": 0.0,
      "f": 0.0
    },
    "vocative": {
      "p": 1.0,
      "r": 0.625,
      "f": 0.7692307692
    },
    "dislocated": {
      "p": 0.0,
      "r": 0.0,
      "f": 0.0
    },
    "flat:foreign": {
      "p": 0.0,
      "r": 0.0,
      "f": 0.0
    },
    "orphan": {
      "p": 0.0,
      "r": 0.0,
      "f": 0.0
    },
    "advcl:cleft": {
      "p": 0.0,
      "r": 0.0,
      "f": 0.0
    },
    "csubj": {
      "p": 0.0,
      "r": 0.0,
      "f": 0.0
    }
  },
  "lemma_acc": 0.9076243321
}